{
  "total_span": 1659.5203235640968,
  "root_chord": 301.2231845924704,
  "tip_chord": 275.80824394851504,
  "chord_taper_ratio": 0.89,
  "sweep_angle": 3.636590849131128,
  "dihedral_angle": 2.9108400739555167,
  "twist_distribution_range": [
    -1.5,
    0.5
  ],
  "base_profile": "NACA_64A010_modified",
  "max_thickness_ratio": 0.17944259593779727,
  "camber_ratio": 0.06073646255776091,
  "camber_position": 0.3871482344639082,
  "leading_edge_radius": 2.8,
  "trailing_edge_thickness": 2.5,
  "upper_surface_radius": 800,
  "lower_surface_radius": 1100,
  "flap_count": 3,
  "flap_spans": [
    1600,
    1500,
    1400
  ],
  "flap_root_chords": [
    220,
    180,
    140
  ],
  "flap_tip_chords": [
    200,
    160,
    120
  ],
  "flap_cambers": [
    0.1014914007170777,
    0.16684680714812064,
    0.09149148541040836
  ],
  "flap_slot_gaps": [
    8.814839591493625,
    11.136557237145762,
    12.0
  ],
  "flap_vertical_offsets": [
    30.038266565555436,
    38.90000059995581,
    68.9512358857196
  ],
  "flap_horizontal_offsets": [
    29.106893159229735,
    57.03390101329781,
    91.93026596669203
  ],
  "endplate_height": 314.09815687253564,
  "endplate_max_width": 99.75283108643677,
  "endplate_min_width": 45.97591445191161,
  "endplate_thickness_base": 10,
  "endplate_forward_lean": 6,
  "endplate_rearward_sweep": 10,
  "endplate_outboard_wrap": 18,
  "footplate_extension": 70,
  "footplate_height": 30,
  "arch_radius": 130,
  "footplate_thickness": 5,
  "primary_strake_count": 2,
  "strake_heights": [
    45,
    35
  ],
  "y250_width": 500,
  "y250_step_height": 20.641467503211047,
  "y250_transition_length": 65.37596914692288,
  "central_slot_width": 29.82162681309106,
  "pylon_count": 2,
  "pylon_spacing": 320,
  "pylon_major_axis": 38,
  "pylon_minor_axis": 25,
  "pylon_length": 120,
  "cascade_enabled": true,
  "primary_cascade_span": 250,
  "primary_cascade_chord": 55,
  "secondary_cascade_span": 160,
  "secondary_cascade_chord": 40,
  "wall_thickness_structural": 4,
  "wall_thickness_aerodynamic": 2.5,
  "wall_thickness_details": 2.0,
  "minimum_radius": 0.4,
  "mesh_resolution_aero": 0.4,
  "mesh_resolution_structural": 0.6,
  "resolution_span": 40,
  "resolution_chord": 25,
  "mesh_density": 1.5,
  "surface_smoothing": true,
  "material": "Standard Carbon Fiber",
  "density": 1600,
  "weight_estimate": 4.0,
  "target_downforce": 4000,
  "target_drag": 40,
  "efficiency_factor": 1.0
}