{
  "total_span": 1518.269006831858,
  "root_chord": 281.4731330848068,
  "tip_chord": 249.46223128024224,
  "chord_taper_ratio": 0.89,
  "sweep_angle": 3.487010252579094,
  "dihedral_angle": 2.6273791671669215,
  "twist_distribution_range": [
    -1.5,
    0.5
  ],
  "base_profile": "NACA_64A010_modified",
  "max_thickness_ratio": 0.17572430312284415,
  "camber_ratio": 0.09498524137000647,
  "camber_position": 0.4181363729831799,
  "leading_edge_radius": 2.8,
  "trailing_edge_thickness": 2.5,
  "upper_surface_radius": 800,
  "lower_surface_radius": 1100,
  "flap_count": 3,
  "flap_spans": [
    1600,
    1500,
    1400
  ],
  "flap_root_chords": [
    220,
    180,
    140
  ],
  "flap_tip_chords": [
    200,
    160,
    120
  ],
  "flap_cambers": [
    0.12101619990262909,
    0.07080932230463825,
    0.07782937849812664
  ],
  "flap_slot_gaps": [
    10.33259619675746,
    10.332288624613069,
    18.0
  ],
  "flap_vertical_offsets": [
    70.81811575948922,
    17.26418059490923,
    17.86099215681364
  ],
  "flap_horizontal_offsets": [
    28.50397425247127,
    116.25093981774387,
    50.0460202307407
  ],
  "endplate_height": 305.99275829589317,
  "endplate_max_width": 130.38727600700852,
  "endplate_min_width": 34.70756407767306,
  "endplate_thickness_base": 10,
  "endplate_forward_lean": 6,
  "endplate_rearward_sweep": 10,
  "endplate_outboard_wrap": 18,
  "footplate_extension": 70,
  "footplate_height": 30,
  "arch_radius": 130,
  "footplate_thickness": 5,
  "primary_strake_count": 2,
  "strake_heights": [
    45,
    35
  ],
  "y250_width": 500,
  "y250_step_height": 21.295200748240617,
  "y250_transition_length": 74.99554639687632,
  "central_slot_width": 27.879986242536333,
  "pylon_count": 2,
  "pylon_spacing": 320,
  "pylon_major_axis": 38,
  "pylon_minor_axis": 25,
  "pylon_length": 120,
  "cascade_enabled": true,
  "primary_cascade_span": 250,
  "primary_cascade_chord": 55,
  "secondary_cascade_span": 160,
  "secondary_cascade_chord": 40,
  "wall_thickness_structural": 4,
  "wall_thickness_aerodynamic": 2.5,
  "wall_thickness_details": 2.0,
  "minimum_radius": 0.4,
  "mesh_resolution_aero": 0.4,
  "mesh_resolution_structural": 0.6,
  "resolution_span": 40,
  "resolution_chord": 25,
  "mesh_density": 1.5,
  "surface_smoothing": true,
  "material": "Standard Carbon Fiber",
  "density": 1600,
  "weight_estimate": 4.0,
  "target_downforce": 4000,
  "target_drag": 40,
  "efficiency_factor": 1.0
}