{
  "metadata": {
    "timestamp": "2025-10-28T05:11:53Z",
    "iterations": 3,
    "warmup_runs": 1,
    "system": {
      "cpu": "Intel(R) Core(TM) i7-14650HX",
      "cores": 24,
      "memory": "15Gi",
      "cache": {
        "l1": "640 KiB (16 instances)",
        "l2": "24 MiB (10 instances)",
        "l3": "30 MiB (1 instance)"
      }
    }
  },
  "results": {
    "single_threaded": {
      "1k_500k_ops":   1K/500K ... 956225156.6642923 ops/sec
956225156.6642923,
      "64k_1m_ops":   64K/1M ... 784193264.8995314 ops/sec
784193264.8995314,
      "256k_2m_ops":   256K/2M ... 839075179.044768 ops/sec
839075179.044768,
      "1k_1m_ops_burst":   1K/1M ... 805640249.8211907 ops/sec
805640249.8211907,
      "256k_100k_ops_latency":   256K/100K ... 629948271.6574091 ops/sec
629948271.6574091
    },
    "multi_threaded_2p2c": {
      "1k_100k_ops":   1K/100K ... 9947744.992939 ops/sec
9947744.992939,
      "64k_500k_ops":   64K/500K ... 17331189.432251334 ops/sec
17331189.432251334,
      "256k_1m_ops":   256K/1M ... 16789009.5238105 ops/sec
16789009.5238105,
      "256k_100k_ops_latency":   256K/100K (2P/2C) ... 14884965.6050205 ops/sec
14884965.6050205
    },
    "multi_threaded_4p4c": {
      "1k_100k_ops":   1K/100K ... FAILED
0,
      "64k_500k_ops":   64K/500K ... 15496134.768615 ops/sec
15496134.768615,
      "256k_1m_ops":   256K/1M ... 15796844.351721 ops/sec
15796844.351721,
      "1k_500k_ops_burst":   1K/500K (4P/4C) ... FAILED
0
    },
    "multi_threaded_8p8c": {
      "1k_100k_ops":   1K/100K ... 10806298.451052 ops/sec
10806298.451052,
      "64k_500k_ops":   64K/500K ... 14255529.532069333 ops/sec
14255529.532069333,
      "256k_1m_ops":   256K/1M ... 14221596.627926001 ops/sec
14221596.627926001
    },
    "extreme_contention_16p16c": {
      "1k_50k_ops":   1K/50K ... 12446801.161464334 ops/sec
12446801.161464334,
      "64k_100k_ops":   64K/100K ... 8820639.912237333 ops/sec
8820639.912237333
    },
    "asymmetric_loads": {
      "64k_500k_1p4c":   64K/500K (1P/4C) ... FAILED
0,
      "64k_500k_4p1c":   64K/500K (4P/1C) ... 20207851.015385665 ops/sec
20207851.015385665,
      "64k_500k_8p2c":   64K/500K (8P/2C) ... 18019683.753125668 ops/sec
18019683.753125668
    }
  },
  "summary": {
    "best_single_threaded": 956225156.6642923,
    "best_multi_threaded": 17331189.432251334,
    "total_tests": 21
  }
}
