{
  "metadata": {
    "generated_date": "2025-10-10T22:06:25.347303",
    "generator_version": "UltraRealisticF1FrontWingGenerator v2.0",
    "description": "CFD analysis parameters for multi-element F1 front wing",
    "units": {
      "length": "mm",
      "area": "m\u00b2",
      "angle": "degrees",
      "force": "N",
      "weight": "kg"
    }
  },
  "geometry": {
    "main_element": {
      "span_mm": 1562.1533373404757,
      "root_chord_mm": 273.62357158832845,
      "tip_chord_mm": 278.48896342259894,
      "taper_ratio": 0.89,
      "sweep_angle_deg": 3.745137198030256,
      "dihedral_angle_deg": 2.2760946056221214,
      "twist_range_deg": [
        -1.5,
        0.5
      ],
      "reference_area_m2": 0.42744197553172786
    },
    "flaps": [
      {
        "flap_index": 1,
        "span_mm": 1600,
        "root_chord_mm": 220,
        "tip_chord_mm": 200,
        "reference_area_m2": 0.352,
        "geometric_angle_deg": 8,
        "slot_gap_mm": 11.997258048354128,
        "vertical_offset_mm": 30.68230323781692,
        "horizontal_offset_mm": 29.540070714602077,
        "camber_ratio": 0.15165174117856509
      },
      {
        "flap_index": 2,
        "span_mm": 1500,
        "root_chord_mm": 180,
        "tip_chord_mm": 160,
        "reference_area_m2": 0.27,
        "geometric_angle_deg": 11,
        "slot_gap_mm": 12.0,
        "vertical_offset_mm": 53.180424513536465,
        "horizontal_offset_mm": 55.32375420710643,
        "camber_ratio": 0.1183069457274416
      },
      {
        "flap_index": 3,
        "span_mm": 1400,
        "root_chord_mm": 140,
        "tip_chord_mm": 120,
        "reference_area_m2": 0.196,
        "geometric_angle_deg": 14,
        "slot_gap_mm": 8.870195544962051,
        "vertical_offset_mm": 63.90613554629242,
        "horizontal_offset_mm": 99.50073096296768,
        "camber_ratio": 0.08502357576454594
      }
    ],
    "total_elements": 4,
    "total_reference_area_m2": 1.2454419755317279
  },
  "airfoil_properties": {
    "main_element": {
      "base_profile": "NACA_64A010_modified",
      "max_thickness_ratio": 0.17793646219085565,
      "camber_ratio": 0.09576187755552051,
      "camber_position": 0.3989658971624493,
      "leading_edge_radius_mm": 2.8,
      "trailing_edge_thickness_mm": 2.5,
      "upper_surface_radius_mm": 800,
      "lower_surface_radius_mm": 1100
    },
    "flaps": [
      {
        "flap_index": 1,
        "camber_ratio": 0.15165174117856509,
        "thickness_ratio": 0.1,
        "trailing_edge_thickness_mm": 2.5
      },
      {
        "flap_index": 2,
        "camber_ratio": 0.1183069457274416,
        "thickness_ratio": 0.115,
        "trailing_edge_thickness_mm": 2.2
      },
      {
        "flap_index": 3,
        "camber_ratio": 0.08502357576454594,
        "thickness_ratio": 0.13,
        "trailing_edge_thickness_mm": 1.9
      }
    ]
  },
  "multi_element_interactions": {
    "slot_gaps_mm": [
      11.997258048354128,
      12.0,
      8.870195544962051
    ],
    "slot_gap_to_chord_ratios": [
      0.0545329911288824,
      0.06666666666666667,
      0.0633585396068718
    ],
    "overlap_ratios": [
      0.1342730487027367,
      0.30735419003948017,
      0.7107195068783406
    ],
    "vertical_separation_ratios": [
      0.11213326052179085,
      0.19435615215763416,
      0.23355493525404436
    ],
    "progressive_angles_enabled": true
  },
  "endplate_features": {
    "height_mm": 238.8570067579504,
    "max_width_mm": 124.92200103125977,
    "min_width_mm": 32.16327790369894,
    "thickness_base_mm": 10,
    "forward_lean_deg": 6,
    "rearward_sweep_deg": 10,
    "outboard_wrap_deg": 18
  },
  "y250_vortex_region": {
    "width_mm": 500,
    "step_height_mm": 21.746442059503984,
    "transition_length_mm": 86.9019208874379,
    "central_slot_width_mm": 30.797237922946643
  },
  "footplate_features": {
    "extension_mm": 70,
    "height_mm": 30,
    "arch_radius_mm": 130,
    "thickness_mm": 5
  },
  "strakes": {
    "count": 2,
    "heights_mm": [
      45,
      35
    ]
  },
  "mounting_system": {
    "pylon_count": 2,
    "pylon_spacing_mm": 320,
    "pylon_major_axis_mm": 38,
    "pylon_minor_axis_mm": 25,
    "pylon_length_mm": 120
  },
  "cascade_elements": {
    "enabled": true,
    "primary_cascade": {
      "span_mm": 250,
      "chord_mm": 55
    },
    "secondary_cascade": {
      "span_mm": 160,
      "chord_mm": 40
    }
  },
  "aerodynamic_features": {
    "gurney_flaps_enabled": true,
    "aerodynamic_slots_enabled": true,
    "realistic_surface_curvature": true,
    "enhanced_endplate_detail": true,
    "wing_flex_simulation": false
  },
  "manufacturing_parameters": {
    "wall_thickness_structural_mm": 4,
    "wall_thickness_aerodynamic_mm": 2.5,
    "wall_thickness_details_mm": 2.0,
    "minimum_radius_mm": 0.4
  },
  "material_properties": {
    "material": "Standard Carbon Fiber",
    "density_kg_m3": 1600,
    "estimated_weight_kg": 4.0
  },
  "performance_targets": {
    "target_downforce_N": 4000,
    "target_drag_N": 40,
    "efficiency_factor": 1.0,
    "design_speed_kmh": 300
  },
  "cfd_recommended_settings": {
    "reference_length_m": 0.27362357158832845,
    "reference_area_m2": 1.2454419755317279,
    "reference_point_mm": [
      0,
      0,
      119.4285033789752
    ],
    "recommended_test_speeds_kmh": [
      50,
      100,
      150,
      200,
      250,
      300,
      350
    ],
    "recommended_aoa_range_deg": [
      -8,
      -5,
      -2,
      0,
      2,
      5,
      8,
      12,
      15,
      20
    ],
    "recommended_ground_clearances_mm": [
      25,
      50,
      75,
      100,
      125,
      150,
      200
    ],
    "reynolds_number_at_300kmh": 1520130.9532684912,
    "expected_downforce_coefficient_range": [
      -2.5,
      -4.5
    ],
    "expected_drag_coefficient_range": [
      0.4,
      0.8
    ],
    "expected_efficiency_ld_ratio": [
      3.0,
      6.0
    ]
  },
  "mesh_quality_targets": {
    "resolution_span": 40,
    "resolution_chord": 25,
    "mesh_density": 1.5,
    "surface_smoothing_enabled": true
  }
}