{
  "metadata": {
    "generated_date": "2025-10-10T22:06:44.533003",
    "generator_version": "UltraRealisticF1FrontWingGenerator v2.0",
    "description": "CFD analysis parameters for multi-element F1 front wing",
    "units": {
      "length": "mm",
      "area": "m\u00b2",
      "angle": "degrees",
      "force": "N",
      "weight": "kg"
    }
  },
  "geometry": {
    "main_element": {
      "span_mm": 1562.1533373404757,
      "root_chord_mm": 242.33071967633984,
      "tip_chord_mm": 246.63968289124895,
      "taper_ratio": 1.0177813329678722,
      "sweep_angle_deg": 4.773574741662034,
      "dihedral_angle_deg": 0.2848968260249828,
      "twist_range_deg": [
        -1.5,
        0.5
      ],
      "reference_area_m2": 0.37855774248251356
    },
    "flaps": [
      {
        "flap_index": 1,
        "span_mm": 1600,
        "root_chord_mm": 220,
        "tip_chord_mm": 200,
        "reference_area_m2": 0.352,
        "geometric_angle_deg": 8,
        "slot_gap_mm": 11.997258048354128,
        "vertical_offset_mm": 30.68230323781692,
        "horizontal_offset_mm": 20.0,
        "camber_ratio": 0.15165174117856509
      },
      {
        "flap_index": 2,
        "span_mm": 1500,
        "root_chord_mm": 180,
        "tip_chord_mm": 160,
        "reference_area_m2": 0.27,
        "geometric_angle_deg": 11,
        "slot_gap_mm": 10.758079709864997,
        "vertical_offset_mm": 53.180424513536465,
        "horizontal_offset_mm": 88.4502996286278,
        "camber_ratio": 0.09704944062662682
      },
      {
        "flap_index": 3,
        "span_mm": 1400,
        "root_chord_mm": 140,
        "tip_chord_mm": 120,
        "reference_area_m2": 0.196,
        "geometric_angle_deg": 14,
        "slot_gap_mm": 6.0,
        "vertical_offset_mm": 64.5164854796175,
        "horizontal_offset_mm": 120.0,
        "camber_ratio": 0.10855667314027721
      }
    ],
    "total_elements": 4,
    "total_reference_area_m2": 1.1965577424825136
  },
  "airfoil_properties": {
    "main_element": {
      "base_profile": "NACA_64A010_modified",
      "max_thickness_ratio": 0.21292938855597637,
      "camber_ratio": 0.10841812458562848,
      "camber_position": 0.4400914083087342,
      "leading_edge_radius_mm": 4.0,
      "trailing_edge_thickness_mm": 3.080341711130456,
      "upper_surface_radius_mm": 956.4062611370297,
      "lower_surface_radius_mm": 1293.6289079713779
    },
    "flaps": [
      {
        "flap_index": 1,
        "camber_ratio": 0.15165174117856509,
        "thickness_ratio": 0.1,
        "trailing_edge_thickness_mm": 2.5
      },
      {
        "flap_index": 2,
        "camber_ratio": 0.09704944062662682,
        "thickness_ratio": 0.115,
        "trailing_edge_thickness_mm": 2.2
      },
      {
        "flap_index": 3,
        "camber_ratio": 0.10855667314027721,
        "thickness_ratio": 0.13,
        "trailing_edge_thickness_mm": 1.9
      }
    ]
  },
  "multi_element_interactions": {
    "slot_gaps_mm": [
      11.997258048354128,
      10.758079709864997,
      6.0
    ],
    "slot_gap_to_chord_ratios": [
      0.0545329911288824,
      0.05976710949924999,
      0.04285714285714286
    ],
    "overlap_ratios": [
      0.09090909090909091,
      0.4913905534923767,
      0.8571428571428571
    ],
    "vertical_separation_ratios": [
      0.12661334592162568,
      0.21945391234163358,
      0.2662332104067804
    ],
    "progressive_angles_enabled": true
  },
  "endplate_features": {
    "height_mm": 261.66204759317424,
    "max_width_mm": 103.07704148981477,
    "min_width_mm": 25.0,
    "thickness_base_mm": 6.0,
    "forward_lean_deg": 2.0,
    "rearward_sweep_deg": 11.451793672803127,
    "outboard_wrap_deg": 25.0
  },
  "y250_vortex_region": {
    "width_mm": 500,
    "step_height_mm": 21.746442059503984,
    "transition_length_mm": 105.71255048724717,
    "central_slot_width_mm": 29.687818472984603
  },
  "footplate_features": {
    "extension_mm": 68.39315971217604,
    "height_mm": 44.495992774549116,
    "arch_radius_mm": 200.0,
    "thickness_mm": 6.180018307804145
  },
  "strakes": {
    "count": 2,
    "heights_mm": [
      77.76818694901084,
      35
    ]
  },
  "mounting_system": {
    "pylon_count": 2,
    "pylon_spacing_mm": 320,
    "pylon_major_axis_mm": 38,
    "pylon_minor_axis_mm": 25,
    "pylon_length_mm": 120
  },
  "cascade_elements": {
    "enabled": true,
    "primary_cascade": {
      "span_mm": 250,
      "chord_mm": 55
    },
    "secondary_cascade": {
      "span_mm": 160,
      "chord_mm": 40
    }
  },
  "aerodynamic_features": {
    "gurney_flaps_enabled": true,
    "aerodynamic_slots_enabled": true,
    "realistic_surface_curvature": true,
    "enhanced_endplate_detail": true,
    "wing_flex_simulation": false
  },
  "manufacturing_parameters": {
    "wall_thickness_structural_mm": 3.6119484100759003,
    "wall_thickness_aerodynamic_mm": 2.0,
    "wall_thickness_details_mm": 1.5,
    "minimum_radius_mm": 0.4
  },
  "material_properties": {
    "material": "Standard Carbon Fiber",
    "density_kg_m3": 1600,
    "estimated_weight_kg": 4.0
  },
  "performance_targets": {
    "target_downforce_N": 4000,
    "target_drag_N": 40,
    "efficiency_factor": 1.0,
    "design_speed_kmh": 300
  },
  "cfd_recommended_settings": {
    "reference_length_m": 0.24233071967633985,
    "reference_area_m2": 1.1965577424825136,
    "reference_point_mm": [
      0,
      0,
      130.83102379658712
    ],
    "recommended_test_speeds_kmh": [
      50,
      100,
      150,
      200,
      250,
      300,
      350
    ],
    "recommended_aoa_range_deg": [
      -8,
      -5,
      -2,
      0,
      2,
      5,
      8,
      12,
      15,
      20
    ],
    "recommended_ground_clearances_mm": [
      25,
      50,
      75,
      100,
      125,
      150,
      200
    ],
    "reynolds_number_at_300kmh": 1346281.7759796656,
    "expected_downforce_coefficient_range": [
      -2.5,
      -4.5
    ],
    "expected_drag_coefficient_range": [
      0.4,
      0.8
    ],
    "expected_efficiency_ld_ratio": [
      3.0,
      6.0
    ]
  },
  "mesh_quality_targets": {
    "resolution_span": 40,
    "resolution_chord": 25,
    "mesh_density": 1.5,
    "surface_smoothing_enabled": true
  }
}