{
  "metadata": {
    "generated_date": "2025-10-22T01:47:30.575447",
    "generator_version": "UltraRealisticF1FrontWingGenerator v2.0",
    "description": "CFD analysis parameters for multi-element F1 front wing",
    "units": {
      "length": "mm",
      "area": "m\u00b2",
      "angle": "degrees",
      "force": "N",
      "weight": "kg"
    }
  },
  "geometry": {
    "main_element": {
      "span_mm": 1747.9365536896603,
      "root_chord_mm": 250.0,
      "tip_chord_mm": 248.97567336097669,
      "taper_ratio": 0.89,
      "sweep_angle_deg": 4.239145447757582,
      "dihedral_angle_deg": 2.7018685735908234,
      "twist_range_deg": [
        -1.5,
        0.5
      ],
      "reference_area_m2": 0.43698413842241507
    },
    "flaps": [
      {
        "flap_index": 1,
        "span_mm": 1600,
        "root_chord_mm": 220,
        "tip_chord_mm": 200,
        "reference_area_m2": 0.352,
        "geometric_angle_deg": 8,
        "slot_gap_mm": 12.775178833576852,
        "vertical_offset_mm": 32.87206503062215,
        "horizontal_offset_mm": 29.491138695433754,
        "camber_ratio": 0.11650730925554174
      },
      {
        "flap_index": 2,
        "span_mm": 1500,
        "root_chord_mm": 180,
        "tip_chord_mm": 160,
        "reference_area_m2": 0.27,
        "geometric_angle_deg": 11,
        "slot_gap_mm": 16.42889568935495,
        "vertical_offset_mm": 42.00449125738019,
        "horizontal_offset_mm": 54.10213591434579,
        "camber_ratio": 0.08779492852048842
      },
      {
        "flap_index": 3,
        "span_mm": 1400,
        "root_chord_mm": 140,
        "tip_chord_mm": 120,
        "reference_area_m2": 0.196,
        "geometric_angle_deg": 14,
        "slot_gap_mm": 13.383572526835122,
        "vertical_offset_mm": 61.698595280765176,
        "horizontal_offset_mm": 105.7687587052077,
        "camber_ratio": 0.09368265052848934
      }
    ],
    "total_elements": 4,
    "total_reference_area_m2": 1.2549841384224152
  },
  "airfoil_properties": {
    "main_element": {
      "base_profile": "NACA_64A010_modified",
      "max_thickness_ratio": 0.13012117856302347,
      "camber_ratio": 0.09072176816921307,
      "camber_position": 0.42430384511724367,
      "leading_edge_radius_mm": 2.8,
      "trailing_edge_thickness_mm": 2.5,
      "upper_surface_radius_mm": 800,
      "lower_surface_radius_mm": 1100
    },
    "flaps": [
      {
        "flap_index": 1,
        "camber_ratio": 0.11650730925554174,
        "thickness_ratio": 0.1,
        "trailing_edge_thickness_mm": 2.5
      },
      {
        "flap_index": 2,
        "camber_ratio": 0.08779492852048842,
        "thickness_ratio": 0.115,
        "trailing_edge_thickness_mm": 2.2
      },
      {
        "flap_index": 3,
        "camber_ratio": 0.09368265052848934,
        "thickness_ratio": 0.13,
        "trailing_edge_thickness_mm": 1.9
      }
    ]
  },
  "multi_element_interactions": {
    "slot_gaps_mm": [
      12.775178833576852,
      16.42889568935495,
      13.383572526835122
    ],
    "slot_gap_to_chord_ratios": [
      0.0580689946980766,
      0.09127164271863861,
      0.09559694662025087
    ],
    "overlap_ratios": [
      0.13405063043378979,
      0.30056742174636547,
      0.7554911336086264
    ],
    "vertical_separation_ratios": [
      0.1314882601224886,
      0.16801796502952077,
      0.2467943811230607
    ],
    "progressive_angles_enabled": true
  },
  "endplate_features": {
    "height_mm": 267.2492028444034,
    "max_width_mm": 140.76000663210232,
    "min_width_mm": 39.62926578578964,
    "thickness_base_mm": 10,
    "forward_lean_deg": 6,
    "rearward_sweep_deg": 10,
    "outboard_wrap_deg": 18
  },
  "y250_vortex_region": {
    "width_mm": 500,
    "step_height_mm": 15.0,
    "transition_length_mm": 94.32874682354503,
    "central_slot_width_mm": 30.0
  },
  "footplate_features": {
    "extension_mm": 70,
    "height_mm": 30,
    "arch_radius_mm": 130,
    "thickness_mm": 5
  },
  "strakes": {
    "count": 2,
    "heights_mm": [
      45,
      35
    ]
  },
  "mounting_system": {
    "pylon_count": 2,
    "pylon_spacing_mm": 320,
    "pylon_major_axis_mm": 38,
    "pylon_minor_axis_mm": 25,
    "pylon_length_mm": 120
  },
  "cascade_elements": {
    "enabled": true,
    "primary_cascade": {
      "span_mm": 250,
      "chord_mm": 55
    },
    "secondary_cascade": {
      "span_mm": 160,
      "chord_mm": 40
    }
  },
  "aerodynamic_features": {
    "gurney_flaps_enabled": true,
    "aerodynamic_slots_enabled": true,
    "realistic_surface_curvature": true,
    "enhanced_endplate_detail": true,
    "wing_flex_simulation": false
  },
  "manufacturing_parameters": {
    "wall_thickness_structural_mm": 4,
    "wall_thickness_aerodynamic_mm": 2.5,
    "wall_thickness_details_mm": 2.0,
    "minimum_radius_mm": 0.4
  },
  "material_properties": {
    "material": "Standard Carbon Fiber",
    "density_kg_m3": 1600,
    "estimated_weight_kg": 4.0
  },
  "performance_targets": {
    "target_downforce_N": 4000,
    "target_drag_N": 40,
    "efficiency_factor": 1.0,
    "design_speed_kmh": 300
  },
  "cfd_recommended_settings": {
    "reference_length_m": 0.25,
    "reference_area_m2": 1.2549841384224152,
    "reference_point_mm": [
      0,
      0,
      133.6246014222017
    ],
    "recommended_test_speeds_kmh": [
      50,
      100,
      150,
      200,
      250,
      300,
      350
    ],
    "recommended_aoa_range_deg": [
      -8,
      -5,
      -2,
      0,
      2,
      5,
      8,
      12,
      15,
      20
    ],
    "recommended_ground_clearances_mm": [
      25,
      50,
      75,
      100,
      125,
      150,
      200
    ],
    "reynolds_number_at_300kmh": 1388888.8888888888,
    "expected_downforce_coefficient_range": [
      -2.5,
      -4.5
    ],
    "expected_drag_coefficient_range": [
      0.4,
      0.8
    ],
    "expected_efficiency_ld_ratio": [
      3.0,
      6.0
    ]
  },
  "mesh_quality_targets": {
    "resolution_span": 40,
    "resolution_chord": 25,
    "mesh_density": 1.5,
    "surface_smoothing_enabled": true
  }
}