{
  "metadata": {
    "generated_date": "2025-10-10T22:06:42.895852",
    "generator_version": "UltraRealisticF1FrontWingGenerator v2.0",
    "description": "CFD analysis parameters for multi-element F1 front wing",
    "units": {
      "length": "mm",
      "area": "m\u00b2",
      "angle": "degrees",
      "force": "N",
      "weight": "kg"
    }
  },
  "geometry": {
    "main_element": {
      "span_mm": 1400.0,
      "root_chord_mm": 200.0,
      "tip_chord_mm": 180.0,
      "taper_ratio": 1.0123672013000244,
      "sweep_angle_deg": 3.745137198030256,
      "dihedral_angle_deg": 0.4107936053633102,
      "twist_range_deg": [
        -1.5,
        0.5
      ],
      "reference_area_m2": 0.28
    },
    "flaps": [
      {
        "flap_index": 1,
        "span_mm": 1600,
        "root_chord_mm": 220,
        "tip_chord_mm": 200,
        "reference_area_m2": 0.352,
        "geometric_angle_deg": 8,
        "slot_gap_mm": 12.0,
        "vertical_offset_mm": 62.306791876692955,
        "horizontal_offset_mm": 43.049709184732585,
        "camber_ratio": 0.10759603011826892
      },
      {
        "flap_index": 2,
        "span_mm": 1500,
        "root_chord_mm": 180,
        "tip_chord_mm": 160,
        "reference_area_m2": 0.27,
        "geometric_angle_deg": 11,
        "slot_gap_mm": 6.456980636540548,
        "vertical_offset_mm": 72.72711034451714,
        "horizontal_offset_mm": 55.32375420710643,
        "camber_ratio": 0.06
      },
      {
        "flap_index": 3,
        "span_mm": 1400,
        "root_chord_mm": 140,
        "tip_chord_mm": 120,
        "reference_area_m2": 0.196,
        "geometric_angle_deg": 14,
        "slot_gap_mm": 10.411162106639313,
        "vertical_offset_mm": 52.227129936878676,
        "horizontal_offset_mm": 120.0,
        "camber_ratio": 0.16221356608026644
      }
    ],
    "total_elements": 4,
    "total_reference_area_m2": 1.098
  },
  "airfoil_properties": {
    "main_element": {
      "base_profile": "NACA_64A010_modified",
      "max_thickness_ratio": 0.17793646219085565,
      "camber_ratio": 0.09576187755552051,
      "camber_position": 0.3989658971624493,
      "leading_edge_radius_mm": 2.0088420668191853,
      "trailing_edge_thickness_mm": 1.235053913075111,
      "upper_surface_radius_mm": 878.6109313842965,
      "lower_surface_radius_mm": 1287.8139923483054
    },
    "flaps": [
      {
        "flap_index": 1,
        "camber_ratio": 0.10759603011826892,
        "thickness_ratio": 0.1,
        "trailing_edge_thickness_mm": 2.5
      },
      {
        "flap_index": 2,
        "camber_ratio": 0.06,
        "thickness_ratio": 0.115,
        "trailing_edge_thickness_mm": 2.2
      },
      {
        "flap_index": 3,
        "camber_ratio": 0.16221356608026644,
        "thickness_ratio": 0.13,
        "trailing_edge_thickness_mm": 1.9
      }
    ]
  },
  "multi_element_interactions": {
    "slot_gaps_mm": [
      12.0,
      6.456980636540548,
      10.411162106639313
    ],
    "slot_gap_to_chord_ratios": [
      0.05454545454545454,
      0.03587211464744749,
      0.07436544361885224
    ],
    "overlap_ratios": [
      0.19568049629423903,
      0.30735419003948017,
      0.8571428571428571
    ],
    "vertical_separation_ratios": [
      0.3115339593834648,
      0.3636355517225857,
      0.2611356496843934
    ],
    "progressive_angles_enabled": true
  },
  "endplate_features": {
    "height_mm": 205.54602853682118,
    "max_width_mm": 124.92200103125977,
    "min_width_mm": 25.0,
    "thickness_base_mm": 12.05356778330016,
    "forward_lean_deg": 8.93442477801101,
    "rearward_sweep_deg": 8.172802089684547,
    "outboard_wrap_deg": 25.0
  },
  "y250_vortex_region": {
    "width_mm": 500,
    "step_height_mm": 14.32093740801259,
    "transition_length_mm": 77.75444598619934,
    "central_slot_width_mm": 23.69082314648534
  },
  "footplate_features": {
    "extension_mm": 93.98036937951616,
    "height_mm": 20.460092568940834,
    "arch_radius_mm": 178.44515462885013,
    "thickness_mm": 8.0
  },
  "strakes": {
    "count": 2,
    "heights_mm": [
      71.35495253359964,
      48.05519297442038
    ]
  },
  "mounting_system": {
    "pylon_count": 2,
    "pylon_spacing_mm": 320,
    "pylon_major_axis_mm": 38,
    "pylon_minor_axis_mm": 25,
    "pylon_length_mm": 120
  },
  "cascade_elements": {
    "enabled": true,
    "primary_cascade": {
      "span_mm": 250,
      "chord_mm": 55
    },
    "secondary_cascade": {
      "span_mm": 160,
      "chord_mm": 40
    }
  },
  "aerodynamic_features": {
    "gurney_flaps_enabled": true,
    "aerodynamic_slots_enabled": true,
    "realistic_surface_curvature": true,
    "enhanced_endplate_detail": true,
    "wing_flex_simulation": false
  },
  "manufacturing_parameters": {
    "wall_thickness_structural_mm": 3.948325561992534,
    "wall_thickness_aerodynamic_mm": 2.0,
    "wall_thickness_details_mm": 1.5,
    "minimum_radius_mm": 0.4
  },
  "material_properties": {
    "material": "Standard Carbon Fiber",
    "density_kg_m3": 1600,
    "estimated_weight_kg": 4.0
  },
  "performance_targets": {
    "target_downforce_N": 4000,
    "target_drag_N": 40,
    "efficiency_factor": 1.0,
    "design_speed_kmh": 300
  },
  "cfd_recommended_settings": {
    "reference_length_m": 0.2,
    "reference_area_m2": 1.098,
    "reference_point_mm": [
      0,
      0,
      102.77301426841059
    ],
    "recommended_test_speeds_kmh": [
      50,
      100,
      150,
      200,
      250,
      300,
      350
    ],
    "recommended_aoa_range_deg": [
      -8,
      -5,
      -2,
      0,
      2,
      5,
      8,
      12,
      15,
      20
    ],
    "recommended_ground_clearances_mm": [
      25,
      50,
      75,
      100,
      125,
      150,
      200
    ],
    "reynolds_number_at_300kmh": 1111111.1111111112,
    "expected_downforce_coefficient_range": [
      -2.5,
      -4.5
    ],
    "expected_drag_coefficient_range": [
      0.4,
      0.8
    ],
    "expected_efficiency_ld_ratio": [
      3.0,
      6.0
    ]
  },
  "mesh_quality_targets": {
    "resolution_span": 40,
    "resolution_chord": 25,
    "mesh_density": 1.5,
    "surface_smoothing_enabled": true
  }
}