{
  "generation": 0,
  "timestamp": "2025-10-10T22:06:27.008495",
  "config": {
    "max_generations": 3,
    "population_size": 3,
    "neural_network_enabled": true,
    "save_frequency": 1,
    "max_runtime_hours": 1,
    "neural_network": {
      "learning_rate": 0.001,
      "batch_size": 8,
      "training_frequency": 10,
      "epochs_per_training": 10,
      "save_best_model": true
    },
    "cfd_analysis": {
      "enabled": true,
      "parallel_processes": 1,
      "timeout_seconds": 60,
      "smart_skipping": true,
      "save_results": true,
      "results_output_dir": "cfd_results"
    },
    "early_stopping": {
      "patience": 10,
      "min_delta": 0.005,
      "monitor": "fitness",
      "stagnation_threshold": 10,
      "convergence_threshold": 0.001
    },
    "genetic_algorithm": {
      "crossover_rate": 0.85,
      "mutation_rate": 0.8,
      "elite_ratio": 0.15,
      "tournament_size": 3
    },
    "output": {
      "save_all_stl": false,
      "save_best_only": true,
      "generate_reports": true,
      "create_visualizations": false
    }
  },
  "current_population": [
    {
      "total_span": 1562.1533373404757,
      "root_chord": 273.62357158832845,
      "tip_chord": 278.48896342259894,
      "chord_taper_ratio": 0.89,
      "sweep_angle": 3.745137198030256,
      "dihedral_angle": 2.2760946056221214,
      "twist_distribution_range": [
        -1.5,
        0.5
      ],
      "base_profile": "NACA_64A010_modified",
      "max_thickness_ratio": 0.17793646219085565,
      "camber_ratio": 0.09576187755552051,
      "camber_position": 0.3989658971624493,
      "leading_edge_radius": 2.8,
      "trailing_edge_thickness": 2.5,
      "upper_surface_radius": 800,
      "lower_surface_radius": 1100,
      "flap_count": 3,
      "flap_spans": [
        1600,
        1500,
        1400
      ],
      "flap_root_chords": [
        220,
        180,
        140
      ],
      "flap_tip_chords": [
        200,
        160,
        120
      ],
      "flap_cambers": [
        0.15165174117856509,
        0.1183069457274416,
        0.08502357576454594
      ],
      "flap_slot_gaps": [
        11.997258048354128,
        12.0,
        8.870195544962051
      ],
      "flap_vertical_offsets": [
        30.68230323781692,
        53.180424513536465,
        63.90613554629242
      ],
      "flap_horizontal_offsets": [
        29.540070714602077,
        55.32375420710643,
        99.50073096296768
      ],
      "endplate_height": 238.8570067579504,
      "endplate_max_width": 124.92200103125977,
      "endplate_min_width": 32.16327790369894,
      "endplate_thickness_base": 10,
      "endplate_forward_lean": 6,
      "endplate_rearward_sweep": 10,
      "endplate_outboard_wrap": 18,
      "footplate_extension": 70,
      "footplate_height": 30,
      "arch_radius": 130,
      "footplate_thickness": 5,
      "primary_strake_count": 2,
      "strake_heights": [
        45,
        35
      ],
      "y250_width": 500,
      "y250_step_height": 21.746442059503984,
      "y250_transition_length": 86.9019208874379,
      "central_slot_width": 30.797237922946643,
      "pylon_count": 2,
      "pylon_spacing": 320,
      "pylon_major_axis": 38,
      "pylon_minor_axis": 25,
      "pylon_length": 120,
      "cascade_enabled": true,
      "primary_cascade_span": 250,
      "primary_cascade_chord": 55,
      "secondary_cascade_span": 160,
      "secondary_cascade_chord": 40,
      "wall_thickness_structural": 4,
      "wall_thickness_aerodynamic": 2.5,
      "wall_thickness_details": 2.0,
      "minimum_radius": 0.4,
      "mesh_resolution_aero": 0.4,
      "mesh_resolution_structural": 0.6,
      "resolution_span": 40,
      "resolution_chord": 25,
      "mesh_density": 1.5,
      "surface_smoothing": true,
      "material": "Standard Carbon Fiber",
      "density": 1600,
      "weight_estimate": 4.0,
      "target_downforce": 4000,
      "target_drag": 40,
      "efficiency_factor": 1.0
    },
    {
      "total_span": 1400.0,
      "root_chord": 273.1224753534797,
      "tip_chord": 277.97895702874933,
      "chord_taper_ratio": 1.0177813329678722,
      "sweep_angle": 4.744283375840465,
      "dihedral_angle": 2.2760946056221214,
      "twist_distribution_range": [
        -1.5,
        0.5
      ],
      "base_profile": "NACA_64A010_modified",
      "max_thickness_ratio": 0.08,
      "camber_ratio": 0.09576187755552051,
      "camber_position": 0.3989658971624493,
      "leading_edge_radius": 4.0,
      "trailing_edge_thickness": 2.5,
      "upper_surface_radius": 965.050412282125,
      "lower_surface_radius": 1400.0,
      "flap_count": 3,
      "flap_spans": [
        1600,
        1500,
        1400
      ],
      "flap_root_chords": [
        220,
        180,
        140
      ],
      "flap_tip_chords": [
        200,
        160,
        120
      ],
      "flap_cambers": [
        0.07796539597255853,
        0.1183069457274416,
        0.06900798595778183
      ],
      "flap_slot_gaps": [
        9.471305987239184,
        12.0,
        8.870195544962051
      ],
      "flap_vertical_offsets": [
        30.68230323781692,
        49.502546288268945,
        63.90613554629242
      ],
      "flap_horizontal_offsets": [
        29.540070714602077,
        24.779686364158216,
        85.74443131239319
      ],
      "endplate_height": 238.8570067579504,
      "endplate_max_width": 124.92200103125977,
      "endplate_min_width": 32.16327790369894,
      "endplate_thickness_base": 10,
      "endplate_forward_lean": 6,
      "endplate_rearward_sweep": 10,
      "endplate_outboard_wrap": 15.6594974456134,
      "footplate_extension": 74.42775456090389,
      "footplate_height": 20.0,
      "arch_radius": 100.0,
      "footplate_thickness": 3.0,
      "primary_strake_count": 2,
      "strake_heights": [
        45.627172833634674,
        42.21135723061897
      ],
      "y250_width": 500,
      "y250_step_height": 21.746442059503984,
      "y250_transition_length": 127.17100671251566,
      "central_slot_width": 33.15391975379407,
      "pylon_count": 2,
      "pylon_spacing": 320,
      "pylon_major_axis": 38,
      "pylon_minor_axis": 25,
      "pylon_length": 120,
      "cascade_enabled": true,
      "primary_cascade_span": 250,
      "primary_cascade_chord": 55,
      "secondary_cascade_span": 160,
      "secondary_cascade_chord": 40,
      "wall_thickness_structural": 3.0,
      "wall_thickness_aerodynamic": 2.5,
      "wall_thickness_details": 1.5,
      "minimum_radius": 0.24008962630244005,
      "mesh_resolution_aero": 0.4,
      "mesh_resolution_structural": 0.6,
      "resolution_span": 40,
      "resolution_chord": 25,
      "mesh_density": 1.5,
      "surface_smoothing": true,
      "material": "Standard Carbon Fiber",
      "density": 1600,
      "weight_estimate": 4.0,
      "target_downforce": 4000,
      "target_drag": 40,
      "efficiency_factor": 1.0
    },
    {
      "total_span": 1490.631704214383,
      "root_chord": 202.49135005764532,
      "tip_chord": 204.99560134532194,
      "chord_taper_ratio": 1.0123672013000244,
      "sweep_angle": 3.745137198030256,
      "dihedral_angle": 0.4107936053633102,
      "twist_distribution_range": [
        -1.5,
        0.5
      ],
      "base_profile": "NACA_64A010_modified",
      "max_thickness_ratio": 0.12237676586232114,
      "camber_ratio": 0.09576187755552051,
      "camber_position": 0.3989658971624493,
      "leading_edge_radius": 3.3056446051873483,
      "trailing_edge_thickness": 3.412026273210116,
      "upper_surface_radius": 600.0,
      "lower_surface_radius": 1100,
      "flap_count": 3,
      "flap_spans": [
        1600,
        1500,
        1400
      ],
      "flap_root_chords": [
        220,
        180,
        140
      ],
      "flap_tip_chords": [
        200,
        160,
        120
      ],
      "flap_cambers": [
        0.15165174117856509,
        0.06,
        0.0904175138419524
      ],