{
  "total_span": 1600.0,
  "root_chord": 250.0,
  "tip_chord": 273.28974791521824,
  "chord_taper_ratio": 0.89,
  "sweep_angle": 3.7936541922950426,
  "dihedral_angle": 2.178665235563215,
  "twist_distribution_range": [
    -1.5,
    0.5
  ],
  "base_profile": "NACA_64A010_modified",
  "max_thickness_ratio": 0.15900130894449482,
  "camber_ratio": 0.09676803758655178,
  "camber_position": 0.429545483476326,
  "leading_edge_radius": 2.8,
  "trailing_edge_thickness": 2.5,
  "upper_surface_radius": 800,
  "lower_surface_radius": 1100,
  "flap_count": 3,
  "flap_spans": [
    1600,
    1500,
    1400
  ],
  "flap_root_chords": [
    220,
    180,
    140
  ],
  "flap_tip_chords": [
    200,
    160,
    120
  ],
  "flap_cambers": [
    0.11650730925554174,
    0.08779492852048842,
    0.09368265052848934
  ],
  "flap_slot_gaps": [
    12.775178833576852,
    16.42889568935495,
    13.383572526835122
  ],
  "flap_vertical_offsets": [
    32.87206503062215,
    42.00449125738019,
    61.698595280765176
  ],
  "flap_horizontal_offsets": [
    29.491138695433754,
    54.10213591434579,
    105.7687587052077
  ],
  "endplate_height": 268.9881271806169,
  "endplate_max_width": 100.0,
  "endplate_min_width": 47.58740222598861,
  "endplate_thickness_base": 10,
  "endplate_forward_lean": 6,
  "endplate_rearward_sweep": 10,
  "endplate_outboard_wrap": 18,
  "footplate_extension": 70,
  "footplate_height": 30,
  "arch_radius": 130,
  "footplate_thickness": 5,
  "primary_strake_count": 2,
  "strake_heights": [
    45,
    35
  ],
  "y250_width": 500,
  "y250_step_height": 21.266846651941208,
  "y250_transition_length": 80.0,
  "central_slot_width": 30.0,
  "pylon_count": 2,
  "pylon_spacing": 320,
  "pylon_major_axis": 38,
  "pylon_minor_axis": 25,
  "pylon_length": 120,
  "cascade_enabled": true,
  "primary_cascade_span": 250,
  "primary_cascade_chord": 55,
  "secondary_cascade_span": 160,
  "secondary_cascade_chord": 40,
  "wall_thickness_structural": 4,
  "wall_thickness_aerodynamic": 2.5,
  "wall_thickness_details": 2.0,
  "minimum_radius": 0.4,
  "mesh_resolution_aero": 0.4,
  "mesh_resolution_structural": 0.6,
  "resolution_span": 40,
  "resolution_chord": 25,
  "mesh_density": 1.5,
  "surface_smoothing": true,
  "material": "Standard Carbon Fiber",
  "density": 1600,
  "weight_estimate": 4.0,
  "target_downforce": 4000,
  "target_drag": 40,
  "efficiency_factor": 1.0
}