{
  "generation": 1600,
  "timestamp": "2025-08-03T06:57:45.872733",
  "best_fitness": 57.14285714285714,
  "average_fitness": -1.292857142857155,
  "valid_individuals": 473,
  "population_size": 500,
  "neural_network_enabled": true
}