{
  "generation": 1640,
  "timestamp": "2025-08-03T07:09:40.299941",
  "best_fitness": 57.14285714285714,
  "average_fitness": 6.965714285714238,
  "valid_individuals": 477,
  "population_size": 500,
  "neural_network_enabled": true
}