{
  "generation": 1960,
  "timestamp": "2025-08-03T08:43:31.877662",
  "best_fitness": 57.14285714285714,
  "average_fitness": -13.919999999999996,
  "valid_individuals": 467,
  "population_size": 500,
  "neural_network_enabled": true
}