{
  "generation": 1720,
  "timestamp": "2025-08-03T07:33:11.310840",
  "best_fitness": 57.14285714285714,
  "average_fitness": -3.719999999999987,
  "valid_individuals": 472,
  "population_size": 500,
  "neural_network_enabled": true
}