{
  "timestamp": "20251010_220633",
  "generation": 1,
  "individual_idx": 0,
  "design_parameters": {
    "total_span": 1562.1533373404757,
    "root_chord": 273.62357158832845,
    "flap_count": 3,
    "endplate_height": 238.8570067579504
  },
  "performance": {
    "total_downforce_N": -23915506667.18161,
    "total_drag_N": 227616081283.76407,
    "total_sideforce_N": 0.0,
    "efficiency_ratio": -0.10506949479271047,
    "center_of_pressure_m": 0.0,
    "pitching_moment_Nm": -2157522291781.8003
  },
  "f1_metrics": {
    "downforce_per_drag": -0.10506949479271047,
    "downforce_to_weight_ratio": -1625246.8003521312,
    "drag_coefficient_total": 524.5473522580181,
    "downforce_coefficient_total": -55.113925296603895,
    "balance_coefficient": 0.0,
    "yaw_sensitivity": 0,
    "stall_margin": 8.104399293250609,
    "performance_consistency": 0
  },
  "flow_characteristics": {
    "dynamic_pressure_Pa": 1826.5759116976922,
    "corrected_air_density": 1.1836211907801044,
    "avg_reynolds_number": 1369994212.1523485,
    "max_mach_number": 0.15923014110819414,
    "flow_attachment": "Excellent attachment",
    "ground_effect_utilization": 1.428257685202972,
    "slot_effectiveness": 1.40363556902622,
    "environmental_impact": "Minimal environmental impact"
  },
  "elements": [
    {
      "element_number": 1,
      "chord_length_mm": 363292.2668457031,
      "effective_angle_deg": 0.0,
      "reynolds_number": 1365970002.719418,
      "mach_number": 0.15923014110819414,
      "lift_coefficient": -1.7799737464904244,
      "drag_coefficient": 2.8106650129193986,
      "sideforce_coefficient": 0,
      "downforce_N": -1969977825.8228474,
      "drag_N": 3110690684.165711,
      "sideforce_N": 0.0,
      "moment_Nm": -178919427494.73798,
      "ground_effect_factor": 2.199752265577296,
      "slot_effect_factor": 1.0,
      "slot_efficiency": 1.0,
      "slot_velocity_ratio": 1.0,
      "camber": 0.0606037549233008,
      "thickness_ratio": 0.1706855133803486,
      "element_area_m2": 605912.6434940726
    },
    {
      "element_number": 2,
      "chord_length_mm": 405348.9685058594,
      "effective_angle_deg": 0.0,
      "reynolds_number": 1524102168.2617488,
      "mach_number": 0.15923014110819414,
      "lift_coefficient": -4.8723891739678376,
      "drag_coefficient": 20.441807050981858,
      "sideforce_coefficient": 0,
      "downforce_N": -6016759180.492892,
      "drag_N": 25242940546.90618,
      "sideforce_N": 0.0,
      "moment_Nm": -609721781890.2384,
      "ground_effect_factor": 1.4398815835151206,
      "slot_effect_factor": 1.5381807883074037,
      "slot_efficiency": 1.1253517471925991e-07,
      "slot_velocity_ratio": 1.4000000450140697,
      "camber": 0.17501794657998604,
      "thickness_ratio": 0.15946462349825616,
      "element_area_m2": 676056.4081846923
    },
    {
      "element_number": 3,
      "chord_length_mm": 405348.9685058594,
      "effective_angle_deg": 0.0,
      "reynolds_number": 1524102168.2617488,
      "mach_number": 0.15923014110819414,
      "lift_coefficient": -6.380386592241004,
      "drag_coefficient": 58.48709183846375,
      "sideforce_coefficient": 0,
      "downforce_N": -7878937464.409782,
      "drag_N": 72223858602.99315,
      "sideforce_N": 0.0,
      "moment_Nm": -798429793530.1691,
      "ground_effect_factor": 1.1519052668120966,
      "slot_effect_factor": 1.5381807441865532,
      "slot_efficiency": 1.6052280551856116e-09,
      "slot_velocity_ratio": 1.4000000006420912,
      "camber": 0.24348960754678628,
      "thickness_ratio": 0.15948143135974283,
      "element_area_m2": 676056.4081846923
    },
    {
      "element_number": 4,
      "chord_length_mm": 283459.9653482437,
      "effective_angle_deg": 0.0,
      "reynolds_number": 1065802509.3664781,
      "mach_number": 0.15923014110819414,
      "lift_coefficient": -9.321880045454659,
      "drag_coefficient": 147.11344059556586,
      "sideforce_coefficient": 0,
      "downforce_N": -8049832196.456087,
      "drag_N": 127038591449.69904,
      "sideforce_N": 0.0,
      "moment_Nm": -570451288866.6548,
      "ground_effect_factor": 0.9214916249073756,
      "slot_effect_factor": 1.5381807436109236,
      "slot_efficiency": 1.3887943864964021e-11,
      "slot_velocity_ratio": 1.400000000005555,
      "camber": 0.4021439249574562,
      "thickness_ratio": 0.22807806702839234,
      "element_area_m2": 472765.29836468765
    }
  ]
}