{
  "timestamp": "20251010_220645",
  "generation": 2,
  "individual_idx": 2,
  "design_parameters": {
    "total_span": 1562.1533373404757,
    "root_chord": 242.33071967633984,
    "flap_count": 3,
    "endplate_height": 261.66204759317424
  },
  "performance": {
    "total_downforce_N": -22917953545.505505,
    "total_drag_N": 177958847347.79224,
    "total_sideforce_N": 0.0,
    "efficiency_ratio": -0.12878232179553295,
    "center_of_pressure_m": 0.0,
    "pitching_moment_Nm": -2524130616448.1826
  },
  "f1_metrics": {
    "downforce_per_drag": -0.12878232179553295,
    "downforce_to_weight_ratio": -1557455.2188586819,
    "drag_coefficient_total": 325.2871980295123,
    "downforce_coefficient_total": -41.8912406126039,
    "balance_coefficient": 0.0,
    "yaw_sensitivity": 0,
    "stall_margin": 0.9150515105657817,
    "performance_consistency": 0
  },
  "flow_characteristics": {
    "dynamic_pressure_Pa": 1826.5759116976922,
    "corrected_air_density": 1.1836211907801044,
    "avg_reynolds_number": 1608775597.836358,
    "max_mach_number": 0.15923014110819414,
    "flow_attachment": "Excellent attachment",
    "ground_effect_utilization": 1.4282742547378957,
    "slot_effectiveness": 1.40363556902622,
    "environmental_impact": "Minimal environmental impact"
  },
  "elements": [
    {
      "element_number": 1,
      "chord_length_mm": 377614.5935058594,
      "effective_angle_deg": 0.0,
      "reynolds_number": 1419821599.2777095,
      "mach_number": 0.15923014110819414,
      "lift_coefficient": -1.0796744712428787,
      "drag_coefficient": 1.0345846114824444,
      "sideforce_coefficient": 0,
      "downforce_N": -1346039000.3132224,
      "drag_N": 1289825103.0944326,
      "sideforce_N": 0.0,
      "moment_Nm": -127070992486.5777,
      "ground_effect_factor": 2.199761661753683,
      "slot_effect_factor": 1.0,
      "slot_efficiency": 1.0,
      "slot_velocity_ratio": 1.0,
      "camber": 0.04713376381713598,
      "thickness_ratio": 0.17969227008144306,
      "element_area_m2": 682538.3915905003
    },
    {
      "element_number": 2,
      "chord_length_mm": 429221.435546875,
      "effective_angle_deg": 0.0,
      "reynolds_number": 1613862058.1489315,
      "mach_number": 0.15923014110819414,
      "lift_coefficient": -5.167900133201341,
      "drag_coefficient": 23.389619835102348,
      "sideforce_coefficient": 0,
      "downforce_N": -7323379771.0271635,
      "drag_N": 33145197147.2783,
      "sideforce_N": 0.0,
      "moment_Nm": -785837894593.8059,
      "ground_effect_factor": 1.439888169611243,
      "slot_effect_factor": 1.5381807883074037,
      "slot_efficiency": 1.1253517471925991e-07,
      "slot_velocity_ratio": 1.4000000450140697,
      "camber": 0.15229371126124872,
      "thickness_ratio": 0.1685976559144976,
      "element_area_m2": 775817.760469535
    },
    {
      "element_number": 3,
      "chord_length_mm": 452319.27490234375,
      "effective_angle_deg": 0.0,
      "reynolds_number": 1700709366.9593956,
      "mach_number": 0.15923014110819414,
      "lift_coefficient": -4.586207659025491,
      "drag_coefficient": 32.39440222480925,
      "sideforce_coefficient": 0,
      "downforce_N": -6848805786.779681,
      "drag_N": 48376128145.86009,
      "sideforce_N": 0.0,
      "moment_Nm": -774461716855.7903,
      "ground_effect_factor": 1.151915104214809,
      "slot_effect_factor": 1.5381807441865532,
      "slot_efficiency": 1.6052280551856116e-09,
      "slot_velocity_ratio": 1.4000000006420912,
      "camber": 0.21536034778436172,
      "thickness_ratio": 0.1600239098712568,
      "element_area_m2": 817567.1059504129
    },
    {
      "element_number": 4,
      "chord_length_mm": 452319.27490234375,
      "effective_angle_deg": 0.0,
      "reynolds_number": 1700709366.9593956,
      "mach_number": 0.15923014110819414,
      "lift_coefficient": -4.955125727490825,
      "drag_coefficient": 63.71433357625676,
      "sideforce_coefficient": 0,
      "downforce_N": -7399728987.385438,
      "drag_N": 95147696951.55943,
      "sideforce_N": 0.0,
      "moment_Nm": -836760012512.0089,
      "ground_effect_factor": 0.9215320833718472,
      "slot_effect_factor": 1.5381807436109236,
      "slot_efficiency": 1.3887943864964021e-11,
      "slot_velocity_ratio": 1.400000000005555,
      "camber": 0.2404378141277344,
      "thickness_ratio": 0.15980309613039026,
      "element_area_m2": 817567.1059504129
    }
  ]
}