{
  "timestamp": "20251010_220643",
  "generation": 2,
  "individual_idx": 1,
  "design_parameters": {
    "total_span": 1400.0,
    "root_chord": 200.0,
    "flap_count": 3,
    "endplate_height": 205.54602853682118
  },
  "performance": {
    "total_downforce_N": -25420877960.019814,
    "total_drag_N": 281606671282.27655,
    "total_sideforce_N": 0.0,
    "efficiency_ratio": -0.0902708655454347,
    "center_of_pressure_m": 0.0,
    "pitching_moment_Nm": -2547437339408.889
  },
  "f1_metrics": {
    "downforce_per_drag": -0.0902708655454347,
    "downforce_to_weight_ratio": -1727548.6211362428,
    "drag_coefficient_total": 678.3173918195145,
    "downforce_coefficient_total": -61.232298074069334,
    "balance_coefficient": 0.0,
    "yaw_sensitivity": 0,
    "stall_margin": 1.1011391097173586,
    "performance_consistency": 0
  },
  "flow_characteristics": {
    "dynamic_pressure_Pa": 1826.5759116976922,
    "corrected_air_density": 1.1836211907801044,
    "avg_reynolds_number": 1456481295.322772,
    "max_mach_number": 0.15923014110819414,
    "flow_attachment": "Excellent attachment",
    "ground_effect_utilization": 1.4282616143758746,
    "slot_effectiveness": 1.40363556902622,
    "environmental_impact": "Minimal environmental impact"
  },
  "elements": [
    {
      "element_number": 1,
      "chord_length_mm": 340601.9058227539,
      "effective_angle_deg": 0.0,
      "reynolds_number": 1280654802.4336205,
      "mach_number": 0.15923014110819414,
      "lift_coefficient": -0.3457508193430115,
      "drag_coefficient": 0.10382376421792193,
      "sideforce_coefficient": 0,
      "downforce_N": -348580261.3600948,
      "drag_N": 104673403.04570012,
      "sideforce_N": 0.0,
      "moment_Nm": -29681775337.860485,
      "ground_effect_factor": 2.1997357619013242,
      "slot_effect_factor": 1.0,
      "slot_efficiency": 1.0,
      "slot_velocity_ratio": 1.0,
      "camber": 0.030035199737259995,
      "thickness_ratio": 0.1445647039259332,
      "element_area_m2": 551952.6810584145
    },
    {
      "element_number": 2,
      "chord_length_mm": 416476.13525390625,
      "effective_angle_deg": 0.0,
      "reynolds_number": 1565940042.0074747,
      "mach_number": 0.15923014110819414,
      "lift_coefficient": -7.180959519131804,
      "drag_coefficient": 46.27289052874527,
      "sideforce_coefficient": 0,
      "downforce_N": -8852482945.020033,
      "drag_N": 57043905223.40973,
      "sideforce_N": 0.0,
      "moment_Nm": -921711971085.7654,
      "ground_effect_factor": 1.4398847472977758,
      "slot_effect_factor": 1.5381807883074037,
      "slot_efficiency": 1.1253517471925991e-07,
      "slot_velocity_ratio": 1.4000000450140697,
      "camber": 0.23155368653683678,
      "thickness_ratio": 0.13092881889106028,
      "element_area_m2": 674908.4944048002
    },
    {
      "element_number": 3,
      "chord_length_mm": 429069.2443847656,
      "effective_angle_deg": 0.0,
      "reynolds_number": 1613289823.1164453,
      "mach_number": 0.15923014110819414,
      "lift_coefficient": -5.88314355182809,
      "drag_coefficient": 53.39920789462282,
      "sideforce_coefficient": 0,
      "downforce_N": -7471870402.206389,
      "drag_N": 67819518163.06059,
      "sideforce_N": 0.0,
      "moment_Nm": -801487446903.8976,
      "ground_effect_factor": 1.1519105039559407,
      "slot_effect_factor": 1.5381807441865532,
      "slot_efficiency": 1.6052280551856116e-09,
      "slot_velocity_ratio": 1.4000000006420912,
      "camber": 0.2490439724316401,
      "thickness_ratio": 0.1280726206122858,
      "element_area_m2": 695315.89738409
    },
    {
      "element_number": 4,
      "chord_length_mm": 363311.01989746094,
      "effective_angle_deg": 0.0,
      "reynolds_number": 1366040513.7335472,
      "mach_number": 0.15923014110819414,
      "lift_coefficient": -8.134576376097833,
      "drag_coefficient": 145.6557559657639,
      "sideforce_coefficient": 0,
      "downforce_N": -8747944351.433294,
      "drag_N": 156638574492.76053,
      "sideforce_N": 0.0,
      "moment_Nm": -794556146081.3656,
      "ground_effect_factor": 0.9215154443484578,
      "slot_effect_factor": 1.5381807436109236,
      "slot_efficiency": 1.3887943864964021e-11,
      "slot_velocity_ratio": 1.400000000005555,
      "camber": 0.37913492556116557,
      "thickness_ratio": 0.15061574465230945,
      "element_area_m2": 588753.2866443348
    }
  ]
}