{
  "timestamp": "20251022_014734",
  "generation": 0,
  "individual_idx": 4,
  "design_parameters": {
    "total_span": 1747.9365536896603,
    "root_chord": 250.0,
    "flap_count": 3,
    "endplate_height": 267.2492028444034
  },
  "performance": {
    "total_downforce_N": -36590961087.25334,
    "total_drag_N": 473440409473.1255,
    "total_sideforce_N": 0.0,
    "efficiency_ratio": -0.07728736363669102,
    "center_of_pressure_m": 0.0,
    "pitching_moment_Nm": -3396425578140.3403
  },
  "f1_metrics": {
    "downforce_per_drag": -0.07728736363669102,
    "downforce_to_weight_ratio": -2486643.6348796017,
    "drag_coefficient_total": 1114.9023352482313,
    "downforce_coefficient_total": -86.16786220372605,
    "balance_coefficient": 0.0,
    "yaw_sensitivity": 0,
    "stall_margin": 55.26097302624592,
    "performance_consistency": 0
  },
  "flow_characteristics": {
    "dynamic_pressure_Pa": 1826.5759116976922,
    "corrected_air_density": 1.1836211907801044,
    "avg_reynolds_number": 1434468489.288918,
    "max_mach_number": 0.15923014110819414,
    "flow_attachment": "Excellent attachment",
    "ground_effect_utilization": 1.4282660724758123,
    "slot_effectiveness": 1.40363556902622,
    "environmental_impact": "Minimal environmental impact"
  },
  "elements": [
    {
      "element_number": 1,
      "chord_length_mm": 403784.0270996094,
      "effective_angle_deg": 0.0,
      "reynolds_number": 1518218027.001294,
      "mach_number": 0.15923014110819414,
      "lift_coefficient": -4.254011690578432,
      "drag_coefficient": 17.14367968256979,
      "sideforce_coefficient": 0,
      "downforce_N": -5657636905.142775,
      "drag_N": 22800293444.624924,
      "sideforce_N": 0.0,
      "moment_Nm": -571115853356.4801,
      "ground_effect_factor": 2.199777108568047,
      "slot_effect_factor": 1.0,
      "slot_efficiency": 1.0,
      "slot_velocity_ratio": 1.0,
      "camber": 0.14303689122562246,
      "thickness_ratio": 0.09976891732001532,
      "element_area_m2": 728112.8016381338
    },
    {
      "element_number": 2,
      "chord_length_mm": 428091.4306640625,
      "effective_angle_deg": 0.0,
      "reynolds_number": 1609613267.5367606,
      "mach_number": 0.15923014110819414,
      "lift_coefficient": -4.729294470586342,
      "drag_coefficient": 19.560429456718612,
      "sideforce_coefficient": 0,
      "downforce_N": -6668377054.833106,
      "drag_N": 27580502712.00228,
      "sideforce_N": 0.0,
      "moment_Nm": -713668768402.728,
      "ground_effect_factor": 1.439887874419898,
      "slot_effect_factor": 1.5381807883074037,
      "slot_efficiency": 1.1253517471925991e-07,
      "slot_velocity_ratio": 1.4000000450140697,
      "camber": 0.16267411086635727,
      "thickness_ratio": 0.09423218881213599,
      "element_area_m2": 771944.4802634418
    },
    {
      "element_number": 3,
      "chord_length_mm": 330231.8859100342,
      "effective_angle_deg": 0.0,
      "reynolds_number": 1241663782.1970286,
      "mach_number": 0.15923014110819414,
      "lift_coefficient": -10.482470974962888,
      "drag_coefficient": 123.68689468489498,
      "sideforce_coefficient": 0,
      "downforce_N": -11401708436.114468,
      "drag_N": 134533347522.15344,
      "sideforce_N": 0.0,
      "moment_Nm": -941301919863.6068,
      "ground_effect_factor": 1.151883718073153,
      "slot_effect_factor": 1.5381807441865532,
      "slot_efficiency": 1.6052280551856116e-09,
      "slot_velocity_ratio": 1.4000000006420912,
      "camber": 0.40772833637760564,
      "thickness_ratio": 0.12230249505571078,
      "element_area_m2": 595481.8603581958
    },
    {
      "element_number": 4,
      "chord_length_mm": 363932.9299926758,
      "effective_angle_deg": 0.0,
      "reynolds_number": 1368378880.420589,
      "mach_number": 0.15923014110819414,
      "lift_coefficient": -10.731037606123397,
      "drag_coefficient": 240.70036193299748,
      "sideforce_coefficient": 0,
      "downforce_N": -12863238691.162996,
      "drag_N": 288526265794.34485,
      "sideforce_N": 0.0,
      "moment_Nm": -1170339036517.5254,
      "ground_effect_factor": 0.9215155888421513,
      "slot_effect_factor": 1.5381807436109236,
      "slot_efficiency": 1.3887943864964021e-11,
      "slot_velocity_ratio": 1.400000000005555,
      "camber": 0.5241625212097997,
      "thickness_ratio": 0.11098022517863568,
      "element_area_m2": 656252.3712706771
    }
  ]
}