{
  "timestamp": "20251010_220634",
  "generation": 1,
  "individual_idx": 2,
  "design_parameters": {
    "total_span": 1490.631704214383,
    "root_chord": 202.49135005764532,
    "flap_count": 3,
    "endplate_height": 205.54602853682118
  },
  "performance": {
    "total_downforce_N": -19308371332.04905,
    "total_drag_N": 153412789158.15564,
    "total_sideforce_N": 0.0,
    "efficiency_ratio": -0.12585894199566208,
    "center_of_pressure_m": 0.0,
    "pitching_moment_Nm": -1957872375705.4746
  },
  "f1_metrics": {
    "downforce_per_drag": -0.12585894199566208,
    "downforce_to_weight_ratio": -1312155.7140366326,
    "drag_coefficient_total": 338.7282991340858,
    "downforce_coefficient_total": -42.63198535300618,
    "balance_coefficient": 0.0,
    "yaw_sensitivity": 0,
    "stall_margin": 1.549353835775399,
    "performance_consistency": 0
  },
  "flow_characteristics": {
    "dynamic_pressure_Pa": 1826.5759116976922,
    "corrected_air_density": 1.1836211907801044,
    "avg_reynolds_number": 1474056854.066562,
    "max_mach_number": 0.15923014110819414,
    "flow_attachment": "Excellent attachment",
    "ground_effect_utilization": 1.4282627734855966,
    "slot_effectiveness": 1.40363556902622,
    "environmental_impact": "Minimal environmental impact"
  },
  "elements": [
    {
      "element_number": 1,
      "chord_length_mm": 346026.13067626953,
      "effective_angle_deg": 0.0,
      "reynolds_number": 1301049754.6913142,
      "mach_number": 0.15923014110819414,
      "lift_coefficient": -0.3681292547075322,
      "drag_coefficient": 0.11961508220542247,
      "sideforce_coefficient": 0,
      "downforce_N": -373259945.27692163,
      "drag_N": 121282181.37339179,
      "sideforce_N": 0.0,
      "moment_Nm": -32289423650.152325,
      "ground_effect_factor": 2.1997399040360794,
      "slot_effect_factor": 1.0,
      "slot_efficiency": 1.0,
      "slot_velocity_ratio": 1.0,
      "camber": 0.029779486689442733,
      "thickness_ratio": 0.14181220420000848,
      "element_area_m2": 555102.6881524802
    },
    {
      "element_number": 2,
      "chord_length_mm": 393516.2353515625,
      "effective_angle_deg": 0.0,
      "reynolds_number": 1479611382.153665,
      "mach_number": 0.15923014110819414,
      "lift_coefficient": -5.94877227087816,
      "drag_coefficient": 30.15901212861521,
      "sideforce_coefficient": 0,
      "downforce_N": -6859495232.175124,
      "drag_N": 34776184140.73341,
      "sideforce_N": 0.0,
      "moment_Nm": -674830685044.3867,
      "ground_effect_factor": 1.4398780228217087,
      "slot_effect_factor": 1.5381807883074037,
      "slot_efficiency": 1.1253517471925991e-07,
      "slot_velocity_ratio": 1.4000000450140697,
      "camber": 0.17814749463734825,
      "thickness_ratio": 0.13953907271492097,
      "element_area_m2": 631287.3529186249
    },
    {
      "element_number": 3,
      "chord_length_mm": 414306.7321777344,
      "effective_angle_deg": 0.0,
      "reynolds_number": 1557783139.7106342,
      "mach_number": 0.15923014110819414,
      "lift_coefficient": -5.166635882089378,
      "drag_coefficient": 39.97057501155831,
      "sideforce_coefficient": 0,
      "downforce_N": -6272374869.809951,
      "drag_N": 48524888526.29675,
      "sideforce_N": 0.0,
      "moment_Nm": -649671783826.1757,
      "ground_effect_factor": 1.151907315046999,
      "slot_effect_factor": 1.5381807441865532,
      "slot_efficiency": 1.6052280551856116e-09,
      "slot_velocity_ratio": 1.4000000006420912,
      "camber": 0.20060571215253856,
      "thickness_ratio": 0.13261049662408,
      "element_area_m2": 664639.9227192879
    },
    {
      "element_number": 4,
      "chord_length_mm": 414306.7321777344,
      "effective_angle_deg": 0.0,
      "reynolds_number": 1557783139.7106342,
      "mach_number": 0.15923014110819414,
      "lift_coefficient": -4.780204512124721,
      "drag_coefficient": 57.65202125407106,
      "sideforce_coefficient": 0,
      "downforce_N": -5803241284.78705,
      "drag_N": 69990434309.75206,
      "sideforce_N": 0.0,
      "moment_Nm": -601080483184.7599,
      "ground_effect_factor": 0.9215258520375993,
      "slot_effect_factor": 1.5381807436109236,
      "slot_efficiency": 1.3887943864964021e-11,
      "slot_velocity_ratio": 1.400000000005555,
      "camber": 0.22770000861078182,
      "thickness_ratio": 0.1324643011643412,
      "element_area_m2": 664639.9227192879
    }
  ]
}